<?xml version="1.0" encoding="UTF-8"?>
<!DOCTYPE mapper
  PUBLIC "-//mybatis.org//DTD Mapper 3.0//EN"
  "https://mybatis.org/dtd/mybatis-3-mapper.dtd">
<mapper namespace="kr.or.ddit.mapper.IGridMapper">

	<select id="list" resultType="std">
		select
			st_id, st_name, tel, majortype, certificate, grade
		from student
		order by st_id
	</select>

	<update id="update" parameterType="std">
		<if test="tel != null">
			update student
			set tel = #{tel}
			where st_id = #{stId}
		</if>
		<if test="majorType != null">
			update student
			set majortype = #{majorType}
			where st_id = #{stId}
		</if>
		<if test="certificate != null">
			update student
			set certificate = #{certificate}
			where st_id = #{stId}
		</if>
		<if test="grade != null">
			update student
			set grade = #{grade}
			where st_id = #{stId}
		</if>
	</update>

</mapper>

